{"cameraMode":{"drawMode":0,"name":"Shaded","section":"Shading Mode"},"sceneLighting":true,"audioPlay":false,"sceneViewState":{"showFog":true,"showMaterialUpdate":false,"showSkybox":true,"showFlares":true,"showImageEffects":true,"showParticleSystems":true},"in2DMode":false,"pivot":{"x":1.2195199728012086,"y":1.625885009765625,"z":0.17719411849975587},"rotation":{"x":-0.6659607887268066,"y":0.037549588829278949,"z":-0.03360194340348244,"w":-0.7443103194236755},"size":15.819864273071289,"orthographic":false}