{"cameraMode":{"drawMode":0,"name":"Shaded","section":"Shading Mode"},"sceneLighting":true,"audioPlay":false,"sceneViewState":{"showFog":true,"showMaterialUpdate":false,"showSkybox":true,"showFlares":true,"showImageEffects":true,"showParticleSystems":true},"in2DMode":false,"pivot":{"x":8.223793983459473,"y":6.04327392578125,"z":18.06380844116211},"rotation":{"x":0.6756155490875244,"y":-0.012606951408088208,"z":0.011491085402667523,"w":0.7371059656143189},"size":49.44683837890625,"orthographic":false}