{"cameraMode":{"drawMode":0,"name":"Shaded","section":"Shading Mode"},"sceneLighting":true,"audioPlay":false,"sceneViewState":{"showFog":true,"showMaterialUpdate":false,"showSkybox":true,"showFlares":true,"showImageEffects":true,"showParticleSystems":true},"in2DMode":false,"pivot":{"x":5.873096942901611,"y":0.7012665271759033,"z":27.26666831970215},"rotation":{"x":0.7080692052841187,"y":-0.012483742088079453,"z":0.012521217577159405,"w":0.7059479355812073},"size":14.745316505432129,"orthographic":false}