{"cameraMode":{"drawMode":0,"name":"Shaded","section":"Shading Mode"},"sceneLighting":true,"audioPlay":false,"sceneViewState":{"showFog":true,"showMaterialUpdate":false,"showSkybox":true,"showFlares":true,"showImageEffects":true,"showParticleSystems":true},"in2DMode":false,"pivot":{"x":-1.1674110889434815,"y":3.1333847045898439,"z":-0.03902992978692055},"rotation":{"x":-0.3910807967185974,"y":0.1475607305765152,"z":-0.06367383152246475,"w":-0.9062380790710449},"size":7.7059245109558109,"orthographic":false}