{"cameraMode":{"drawMode":0,"name":"Shaded","section":"Shading Mode"},"sceneLighting":true,"audioPlay":false,"sceneViewState":{"showFog":true,"showMaterialUpdate":false,"showSkybox":true,"showFlares":true,"showImageEffects":true,"showParticleSystems":true},"in2DMode":false,"pivot":{"x":3.801367998123169,"y":-7.498472213745117,"z":5.172895431518555},"rotation":{"x":-0.6689751148223877,"y":-0.00935901328921318,"z":0.008424658328294754,"w":-0.7431808114051819},"size":20.88262176513672,"orthographic":false}