{"cameraMode":{"drawMode":0,"name":"Shaded","section":"Shading Mode"},"sceneLighting":true,"audioPlay":false,"sceneViewState":{"showFog":true,"showMaterialUpdate":false,"showSkybox":true,"showFlares":true,"showImageEffects":true,"showParticleSystems":true},"in2DMode":false,"pivot":{"x":5.9369096755981449,"y":-29.193456649780275,"z":7.802274227142334},"rotation":{"x":-0.6666131615638733,"y":-0.11317011713981629,"z":0.10341180860996247,"w":-0.7294799089431763},"size":45.2973518371582,"orthographic":false}