{"cameraMode":{"drawMode":0,"name":"Shaded","section":"Shading Mode"},"sceneLighting":true,"audioPlay":false,"sceneViewState":{"showFog":true,"showMaterialUpdate":false,"showSkybox":true,"showFlares":true,"showImageEffects":true,"showParticleSystems":true},"in2DMode":false,"pivot":{"x":5.846521854400635,"y":0.7044448852539063,"z":26.203088760375978},"rotation":{"x":0.7080692052841187,"y":-0.012483742088079453,"z":0.012521217577159405,"w":0.7059479355812073},"size":15.408855438232422,"orthographic":false}