{"cameraMode":{"drawMode":0,"name":"Shaded","section":"Shading Mode"},"sceneLighting":true,"audioPlay":false,"sceneViewState":{"showFog":true,"showMaterialUpdate":false,"showSkybox":true,"showFlares":true,"showImageEffects":true,"showParticleSystems":true},"in2DMode":false,"pivot":{"x":-0.5063214302062988,"y":-5.364139556884766,"z":-2.0686519145965578},"rotation":{"x":-0.44352686405181887,"y":0.5543127655982971,"z":-0.4639638662338257,"w":-0.5299046039581299},"size":112.28511047363281,"orthographic":false}