{"cameraMode":{"drawMode":0,"name":"Shaded","section":"Shading Mode"},"sceneLighting":false,"audioPlay":false,"sceneViewState":{"showFog":true,"showMaterialUpdate":false,"showSkybox":false,"showFlares":true,"showImageEffects":true,"showParticleSystems":true},"in2DMode":false,"pivot":{"x":18.7078857421875,"y":5.0193610191345219,"z":14.08511734008789},"rotation":{"x":-0.17315144836902619,"y":0.7581573724746704,"z":-0.5876778364181519,"w":-0.22337231040000916},"size":2.3354969024658205,"orthographic":false}