{"cameraMode":{"drawMode":0,"name":"Shaded","section":"Shading Mode"},"sceneLighting":true,"audioPlay":false,"sceneViewState":{"showFog":true,"showMaterialUpdate":false,"showSkybox":true,"showFlares":true,"showImageEffects":true,"showParticleSystems":true},"in2DMode":false,"pivot":{"x":6.122077465057373,"y":-31.11431884765625,"z":8.599328994750977},"rotation":{"x":-0.6701405644416809,"y":-0.0037777030374854805,"z":0.0034152036532759668,"w":-0.7422344088554382},"size":48.08281326293945,"orthographic":false}