{"cameraMode":{"drawMode":0,"name":"Shaded","section":"Shading Mode"},"sceneLighting":true,"audioPlay":false,"sceneViewState":{"showFog":true,"showMaterialUpdate":false,"showSkybox":true,"showFlares":true,"showImageEffects":true,"showParticleSystems":true},"in2DMode":false,"pivot":{"x":4.9608154296875,"y":5.648923873901367,"z":9.583250999450684},"rotation":{"x":-0.46086615324020388,"y":-0.5361214280128479,"z":0.45981502532958987,"w":-0.5374149084091187},"size":9.194684028625489,"orthographic":false}