{"cameraMode":{"drawMode":0,"name":"Shaded","section":"Shading Mode"},"sceneLighting":true,"audioPlay":false,"sceneViewState":{"showFog":true,"showMaterialUpdate":false,"showSkybox":true,"showFlares":true,"showImageEffects":true,"showParticleSystems":true},"in2DMode":false,"pivot":{"x":0.1358749270439148,"y":13.605037689208985,"z":22.636144638061525},"rotation":{"x":-0.03127777948975563,"y":-0.8818271160125732,"z":0.4668482542037964,"w":-0.0590691864490509},"size":17.563425064086915,"orthographic":false}