{"cameraMode":{"drawMode":0,"name":"Shaded","section":"Shading Mode"},"sceneLighting":true,"audioPlay":false,"sceneViewState":{"showFog":true,"showMaterialUpdate":false,"showSkybox":true,"showFlares":true,"showImageEffects":true,"showParticleSystems":true},"in2DMode":false,"pivot":{"x":3.4828455448150636,"y":-29.591156005859376,"z":4.049843788146973},"rotation":{"x":0.4987247884273529,"y":-0.5008255839347839,"z":0.48455408215522768,"w":0.5154480934143066},"size":45.429752349853519,"orthographic":false}