{"cameraMode":{"drawMode":0,"name":"Shaded","section":"Shading Mode"},"sceneLighting":true,"audioPlay":false,"sceneViewState":{"showFog":true,"showMaterialUpdate":false,"showSkybox":true,"showFlares":true,"showImageEffects":true,"showParticleSystems":true},"in2DMode":false,"pivot":{"x":6.479654312133789,"y":-15.188556671142579,"z":14.326817512512207},"rotation":{"x":-0.5588629245758057,"y":-0.028108252212405206,"z":0.018952734768390657,"w":-0.8285744786262512},"size":30.80908966064453,"orthographic":false}