{"cameraMode":{"drawMode":0,"name":"Shaded","section":"Shading Mode"},"sceneLighting":true,"audioPlay":false,"sceneViewState":{"showFog":true,"showMaterialUpdate":false,"showSkybox":true,"showFlares":true,"showImageEffects":true,"showParticleSystems":true},"in2DMode":false,"pivot":{"x":4.1484055519104,"y":0.15547657012939454,"z":4.295543193817139},"rotation":{"x":0.6964192390441895,"y":0.00215365132316947,"z":-0.0020891674794256689,"w":0.7176318168640137},"size":15.04964828491211,"orthographic":false}