{"cameraMode":{"drawMode":0,"name":"Shaded","section":"Shading Mode"},"sceneLighting":true,"audioPlay":false,"sceneViewState":{"showFog":true,"showMaterialUpdate":false,"showSkybox":true,"showFlares":true,"showImageEffects":true,"showParticleSystems":true},"in2DMode":false,"pivot":{"x":14.197524070739746,"y":0.2530231475830078,"z":12.299786567687989},"rotation":{"x":0.7259150743484497,"y":-0.007002400234341621,"z":0.007391593884676695,"w":0.687736988067627},"size":24.016775131225587,"orthographic":false}