{"cameraMode":{"drawMode":0,"name":"Shaded","section":"Shading Mode"},"sceneLighting":true,"audioPlay":false,"sceneViewState":{"showFog":true,"showMaterialUpdate":false,"showSkybox":true,"showFlares":true,"showImageEffects":true,"showParticleSystems":true},"in2DMode":false,"pivot":{"x":6.324355602264404,"y":2.2366552352905275,"z":6.201524257659912},"rotation":{"x":-0.6659607887268066,"y":0.037549588829278949,"z":-0.03360194340348244,"w":-0.7443103194236755},"size":31.24369239807129,"orthographic":false}