{"cameraMode":{"drawMode":0,"name":"Shaded","section":"Shading Mode"},"sceneLighting":true,"audioPlay":false,"sceneViewState":{"showFog":true,"showMaterialUpdate":false,"showSkybox":true,"showFlares":true,"showImageEffects":true,"showParticleSystems":true},"in2DMode":false,"pivot":{"x":5.241672992706299,"y":-10.661605834960938,"z":3.75545334815979},"rotation":{"x":0.5088657736778259,"y":-0.48996832966804507,"z":0.47547468543052676,"w":0.5243533253669739},"size":26.061431884765626,"orthographic":false}