{"cameraMode":{"drawMode":0,"name":"Shaded","section":"Shading Mode"},"sceneLighting":false,"audioPlay":false,"sceneViewState":{"showFog":true,"showMaterialUpdate":false,"showSkybox":false,"showFlares":true,"showImageEffects":true,"showParticleSystems":true},"in2DMode":false,"pivot":{"x":168.69647216796876,"y":718.93896484375,"z":-6.681427001953125},"rotation":{"x":0.007750088814646006,"y":0.12181989848613739,"z":-0.0009603449143469334,"w":0.99252849817276},"size":59.98406982421875,"orthographic":false}