{"cameraMode":{"drawMode":0,"name":"Shaded","section":"Shading Mode"},"sceneLighting":false,"audioPlay":false,"sceneViewState":{"showFog":true,"showMaterialUpdate":false,"showSkybox":false,"showFlares":true,"showImageEffects":true,"showParticleSystems":true},"in2DMode":false,"pivot":{"x":-1.128926396369934,"y":8.62589168548584,"z":3.768582820892334},"rotation":{"x":-0.6377123594284058,"y":0.035323482006788257,"z":-0.029296359047293664,"w":-0.7689061164855957},"size":2.8578836917877199,"orthographic":false}