{"cameraMode":{"drawMode":0,"name":"Shaded","section":"Shading Mode"},"sceneLighting":false,"audioPlay":false,"sceneViewState":{"showFog":true,"showMaterialUpdate":false,"showSkybox":false,"showFlares":true,"showImageEffects":true,"showParticleSystems":true},"in2DMode":false,"pivot":{"x":-0.18142640590667725,"y":5.515540599822998,"z":7.159497261047363},"rotation":{"x":0.0007641582051292062,"y":-0.9990217089653015,"z":-0.019173627719283105,"w":-0.03987472131848335},"size":2.1065785884857179,"orthographic":false}