{"cameraMode":{"drawMode":0,"name":"Shaded","section":"Shading Mode"},"sceneLighting":false,"audioPlay":false,"sceneViewState":{"showFog":true,"showMaterialUpdate":false,"showSkybox":false,"showFlares":true,"showImageEffects":true,"showParticleSystems":true},"in2DMode":false,"pivot":{"x":-1.2045083045959473,"y":-1.0660614967346192,"z":2.724041223526001},"rotation":{"x":-0.07288099080324173,"y":-0.861213207244873,"z":0.1291114240884781,"w":-0.48613879084587099},"size":2.8578836917877199,"orthographic":false}