{"cameraMode":{"drawMode":0,"name":"Shaded","section":"Shading Mode"},"sceneLighting":false,"audioPlay":false,"sceneViewState":{"showFog":true,"showMaterialUpdate":false,"showSkybox":false,"showFlares":true,"showImageEffects":true,"showParticleSystems":true},"in2DMode":false,"pivot":{"x":-1.128926396369934,"y":8.62589168548584,"z":3.768582820892334},"rotation":{"x":0.6756155490875244,"y":-0.012606951408088208,"z":0.011491085402667523,"w":0.7371059656143189},"size":2.8578836917877199,"orthographic":false}